<?xml version="1.0" encoding="UTF-8" ?>
<!DOCTYPE mapper PUBLIC "-//mybatis.org//DTD Mapper 3.0//EN" "http://mybatis.org/dtd/mybatis-3-mapper.dtd" >
<mapper namespace="com.liujiajun.mapper.CollegeMapper" >
  <resultMap id="BaseResultMap" type="com.liujiajun.po.College" >
    <id column="collegeID" property="collegeid" jdbcType="INTEGER" />
    <result column="collegeName" property="collegename" jdbcType="VARCHAR" />
  </resultMap>

  <sql id="Example_Where_Clause" >
    <where >
      <foreach collection="oredCriteria" item="criteria" separator="or" >
        <if test="criteria.valid" >
          <trim prefix="(" suffix=")" prefixOverrides="and" >
            <foreach collection="criteria.criteria" item="criterion" >
              <choose >
                <when test="criterion.noValue" >
                  and ${criterion.condition}
                </when>
                <when test="criterion.singleValue" >
                  and ${criterion.condition} #{criterion.value}
                </when>
                <when test="criterion.betweenValue" >
                  and ${criterion.condition} #{criterion.value} and #{criterion.secondValue}
                </when>
                <when test="criterion.listValue" >
                  and ${criterion.condition}
                  <foreach collection="criterion.value" item="listItem" open="(" close=")" separator="," >
                    #{listItem}
                  </foreach>
                </when>
              </choose>
            </foreach>
          </trim>
        </if>
      </foreach>
    </where>
  </sql>

  <sql id="Update_By_Example_Where_Clause" >
    <where >
      <foreach collection="example.oredCriteria" item="criteria" separator="or" >
        <if test="criteria.valid" >
          <trim prefix="(" suffix=")" prefixOverrides="and" >
            <foreach collection="criteria.criteria" item="criterion" >
              <choose >
                <when test="criterion.noValue" >
                  and ${criterion.condition}
                </when>
                <when test="criterion.singleValue" >
                  and ${criterion.condition} #{criterion.value}
                </when>
                <when test="criterion.betweenValue" >
                  and ${criterion.condition} #{criterion.value} and #{criterion.secondValue}
                </when>
                <when test="criterion.listValue" >
                  and ${criterion.condition}
                  <foreach collection="criterion.value" item="listItem" open="(" close=")" separator="," >
                    #{listItem}
                  </foreach>
                </when>
              </choose>
            </foreach>
          </trim>
        </if>
      </foreach>
    </where>
  </sql>

  <sql id="Base_Column_List" >
    collegeID, collegeName
  </sql>

  <select id="selectByExample" resultMap="BaseResultMap" parameterType="com.liujiajun.po.CollegeExample" >
    select
    <if test="distinct" >
      distinct
    </if>
    <include refid="Base_Column_List" />
    from college
    <if test="_parameter != null" >
      <include refid="Example_Where_Clause" />
    </if>
    <if test="orderByClause != null" >
      order by ${orderByClause}
    </if>
  </select>
  <select id="selectByPrimaryKey" resultMap="BaseResultMap" parameterType="java.lang.Integer" >
    select 
    <include refid="Base_Column_List" />
    from college
    where collegeID = #{collegeid,jdbcType=INTEGER}
  </select>
  <delete id="deleteByPrimaryKey" parameterType="java.lang.Integer" >
    delete from college
    where collegeID = #{collegeid,jdbcType=INTEGER}
  </delete>
  <delete id="deleteByExample" parameterType="com.liujiajun.po.CollegeExample" >
    delete from college
    <if test="_parameter != null" >
      <include refid="Example_Where_Clause" />
    </if>
  </delete>
  <insert id="insert" parameterType="com.liujiajun.po.College" >
    insert into college (collegeID, collegeName)
    values (#{collegeid,jdbcType=INTEGER}, #{collegename,jdbcType=VARCHAR})
  </insert>
  <insert id="insertSelective" parameterType="com.liujiajun.po.College" >
    insert into college
    <trim prefix="(" suffix=")" suffixOverrides="," >
      <if test="collegeid != null" >
        collegeID,
      </if>
      <if test="collegename != null" >
        collegeName,
      </if>
    </trim>
    <trim prefix="values (" suffix=")" suffixOverrides="," >
      <if test="collegeid != null" >
        #{collegeid,jdbcType=INTEGER},
      </if>
      <if test="collegename != null" >
        #{collegename,jdbcType=VARCHAR},
      </if>
    </trim>
  </insert>
  <select id="countByExample" parameterType="com.liujiajun.po.CollegeExample" resultType="java.lang.Integer" >
    select count(*) from college
    <if test="_parameter != null" >
      <include refid="Example_Where_Clause" />
    </if>
  </select>
  <update id="updateByExampleSelective" parameterType="map" >
    update college
    <set >
      <if test="record.collegeid != null" >
        collegeID = #{record.collegeid,jdbcType=INTEGER},
      </if>
      <if test="record.collegename != null" >
        collegeName = #{record.collegename,jdbcType=VARCHAR},
      </if>
    </set>
    <if test="_parameter != null" >
      <include refid="Update_By_Example_Where_Clause" />
    </if>
  </update>
  <update id="updateByExample" parameterType="map" >
    update college
    set collegeID = #{record.collegeid,jdbcType=INTEGER},
      collegeName = #{record.collegename,jdbcType=VARCHAR}
    <if test="_parameter != null" >
      <include refid="Update_By_Example_Where_Clause" />
    </if>
  </update>
  <update id="updateByPrimaryKeySelective" parameterType="com.liujiajun.po.College" >
    update college
    <set >
      <if test="collegename != null" >
        collegeName = #{collegename,jdbcType=VARCHAR},
      </if>
    </set>
    where collegeID = #{collegeid,jdbcType=INTEGER}
  </update>
  <update id="updateByPrimaryKey" parameterType="com.liujiajun.po.College" >
    update college
    set collegeName = #{collegename,jdbcType=VARCHAR}
    where collegeID = #{collegeid,jdbcType=INTEGER}
  </update>
</mapper>