<?xml version="1.0" encoding="UTF-8"?>
<beans xmlns="http://www.springframework.org/schema/beans"
       xmlns:mvc="http://www.springframework.org/schema/mvc" xmlns:context="http://www.springframework.org/schema/context"
       xmlns:xsi="http://www.w3.org/2001/XMLSchema-instance"
       xsi:schemaLocation="
        http://www.springframework.org/schema/beans
        http://www.springframework.org/schema/beans/spring-beans.xsd
        http://www.springframework.org/schema/mvc
        http://www.springframework.org/schema/mvc/spring-mvc.xsd
        http://www.springframework.org/schema/context
        http://www.springframework.org/schema/context/spring-context.xsd">

    <!--开启注解扫描，只扫描Controller注解-->
    <context:component-scan base-package="com.yx.controller"></context:component-scan>

    <!--注册注解驱动（开启SpringMVC注解的支持）-->
    <mvc:annotation-driven>
        <mvc:message-converters>
            <bean class="com.alibaba.fastjson.support.spring.FastJsonHttpMessageConverter">
                <!--声明类型转换，若返回的是json就需要加这个进行转换-->
                <property name="supportedMediaTypes">
                    <list>
                        <value>application/json</value>
                    </list>
                </property>
            </bean>
        </mvc:message-converters>
    </mvc:annotation-driven>

    <!--配置的视图解析器对象-->
    <bean id="internalResourceViewResolver" class="org.springframework.web.servlet.view.InternalResourceViewResolver">
        <property name="prefix" value="/WEB-INF/pages/"/>
        <property name="suffix" value=".jsp"/>
    </bean>

    <!--配置拦截器-->
    <mvc:interceptors>
        <mvc:interceptor>
            <mvc:mapping path="/**"/>
            <mvc:exclude-mapping path="/login"/>
            <mvc:exclude-mapping path="/loginIn"/>
            <mvc:exclude-mapping path="/verifyCode"/>
            <bean class="com.yx.interceptor.LoginInterceptor"></bean>
        </mvc:interceptor>
    </mvc:interceptors>

    <!--过滤静态资源-->
    <mvc:default-servlet-handler></mvc:default-servlet-handler>
    <mvc:resources mapping="/images/**" location="/images/"></mvc:resources>
    <mvc:resources mapping="/css/**" location="/css/"></mvc:resources>
    <mvc:resources mapping="/js/**" location="/js/"></mvc:resources>
    <mvc:resources mapping="/lib/**" location="/lib/"></mvc:resources>
    <mvc:resources mapping="/api/**" location="/api/"></mvc:resources>


</beans>