<?xml version="1.0" encoding="UTF-8" ?>
<!DOCTYPE mapper PUBLIC "-//mybatis.org//DTD Mapper 3.0//EN" "http://mybatis.org/dtd/mybatis-3-mapper.dtd" >

<mapper namespace="com.liujiajun.mapper.StudentMapperCustom">


    <resultMap id="BaseResultMap" type="com.liujiajun.po.Student" >
        <id column="userID" property="userid" jdbcType="INTEGER" />
        <result column="userName" property="username" jdbcType="VARCHAR" />
        <result column="sex" property="sex" jdbcType="VARCHAR" />
        <result column="birthYear" property="birthyear" jdbcType="DATE" />
        <result column="grade" property="grade" jdbcType="DATE" />
        <result column="collegeID" property="collegeid" jdbcType="INTEGER" />
    </resultMap>

    <sql id="Base_Column_List" >
    userID, userName, sex, birthYear, grade, collegeID
    </sql>

    <sql id="Example_Where_Clause" >
        <where >
            <foreach collection="oredCriteria" item="criteria" separator="or" >
                <if test="criteria.valid" >
                    <trim prefix="(" suffix=")" prefixOverrides="and" >
                        <foreach collection="criteria.criteria" item="criterion" >
                            <choose >
                                <when test="criterion.noValue" >
                                    and ${criterion.condition}
                                </when>
                                <when test="criterion.singleValue" >
                                    and ${criterion.condition} #{criterion.value}
                                </when>
                                <when test="criterion.betweenValue" >
                                    and ${criterion.condition} #{criterion.value} and #{criterion.secondValue}
                                </when>
                                <when test="criterion.listValue" >
                                    and ${criterion.condition}
                                    <foreach collection="criterion.value" item="listItem" open="(" close=")" separator="," >
                                        #{listItem}
                                    </foreach>
                                </when>
                            </choose>
                        </foreach>
                    </trim>
                </if>
            </foreach>
        </where>
    </sql>



    <!--一对多查询-->
    <resultMap id="StudentAndSelectCourseResultMap" type="StudentCustom">
        <!--配置映射的订单信息
            property 的值应跟 该vo 的变量名相同
            column 的值，应与对应的数据库 表字段名相同
        -->
        <id column="userID" property="userid"/>
        <result column="userName" property="username" />
        <result column="sex" property="sex" />
        <result column="birthYear" property="birthyear" />
        <result column="grade" property="grade" />
        <result column="collegeID" property="collegeid" />

        <!--collection 对关联查询到的多条记录映射到集合对象中
            property： 将关联查询到的多条信息映射到 vo 哪个属性
            ofType：映射到集合属性中 pojo 的类型
        -->
        <collection property="selectedCourseList" ofType="SelectedCourseCustom">
            <result column="courseID" property="courseid"/>
            <result column="studentID" property="studentid"/>
            <result column="mark" property="mark"/>
            <!--配置映射的关系的课程信息-->
            <association property="courseCustom" javaType="CourseCustom">
                <id column="courseID" property="courseid"/>
                <result column="courseName" property="coursename"/>
                <result column="teacherID" property="teacherid"/>
                <result column="courseTime" property="coursetime"/>
                <result column="classRoom" property="classroom"/>
                <result column="courseWeek" property="courseweek"/>
                <result column="courseType" property="coursetype"/>
                <result column="collegeID" property="collegeid"/>
                <result column="score" property="score"/>
            </association>
        </collection>
    </resultMap>

    <select id="findByPaging" resultType="StudentCustom">
        select student.*, college.collegeName
        from student, college
        WHERE student.collegeID = college.collegeID
    </select>

    <select id="selectByName" resultType="studentCustom" parameterType="studentCustom" >
        <!--<select id="selectByName" resultMap="studentCustom" parameterType="studentCustom" >-->
        select student.*, college.collegeName
        from student, college
        WHERE student.collegeID = college.collegeID
        <if test="username!=null">
            and username like #{username}
        </if>
    </select>




    <select id="findStudentAndSelectCourseListById" parameterType="int" resultMap="StudentAndSelectCourseResultMap">
        SELECT
          student.*,
          selectedcourse.*,
          course.*
        FROM
          student,
          selectedcourse,
          course
        WHERE
          student.userID = #{id}
        AND
          student.userID = selectedcourse.studentID
        AND
          selectedcourse.courseID = course.courseID
    </select>




</mapper>