<?xml version="1.0" encoding="UTF-8"?>
<beans xmlns="http://www.springframework.org/schema/beans"
       xmlns:xsi="http://www.w3.org/2001/XMLSchema-instance"
       xmlns:context="http://www.springframework.org/schema/context" xmlns:tx="http://www.springframework.org/schema/tx"
       xmlns:aop="http://www.springframework.org/schema/aop"
       xsi:schemaLocation="http://www.springframework.org/schema/beans
       http://www.springframework.org/schema/beans/spring-beans.xsd http://www.springframework.org/schema/context http://www.springframework.org/schema/context/spring-context.xsd http://www.springframework.org/schema/tx http://www.springframework.org/schema/tx/spring-tx.xsd http://www.springframework.org/schema/aop http://www.springframework.org/schema/aop/spring-aop.xsd">
    <!-- 加载配置文件 -->
    <context:property-placeholder location="classpath:db.properties"/>
    <!-- 数据库连接池 -->
    <bean id="dataSource" class="com.alibaba.druid.pool.DruidDataSource"
          destroy-method="close">
        <property name="driverClassName" value="${db.driver}"/>
        <property name="url"
                  value="${db.url}"/>
        <property name="username" value="${db.username}"/>
        <property name="password" value="${db.password}"/>
        <!-- 初始化连接大小 -->
        <property name="initialSize" value="5"></property>
        <!-- 连接池最大数据库连接数  0 为没有限制 -->
        <property name="maxActive" value="20"></property>
        <!-- 连接池最大的空闲连接数，这里取值为20，表示即使没有数据库连接时依然可以保持20空闲的连接，而不被清除，随时处于待命状态 0 为没有限制 -->
        <property name="maxIdle" value="20"></property>
        <!-- 连接池最小空闲 -->
        <property name="minIdle" value="5"></property>
        <!--最大建立连接等待时间。如果超过此时间将接到异常。设为-1表示无限制-->
        <property name="maxWait" value="200"></property>
    </bean>
    <!-- spring和MyBatis完美整合 -->
    <bean id="sqlSessionFactory" class="org.mybatis.spring.SqlSessionFactoryBean">
        <property name="dataSource" ref="dataSource"/>
        <!-- 自动扫描mapping.xml文件 -->
        <property name="mapperLocations" value="classpath:mapperxml/*.xml"></property>
    </bean>

    <!-- DAO接口所在包名，Spring会自动查找其下的类 -->
    <bean class="org.mybatis.spring.mapper.MapperScannerConfigurer">
        <property name="basePackage" value="com.jubilantz.mappers"/>
        <property name="sqlSessionFactoryBeanName" value="sqlSessionFactory"></property>
    </bean>

    <!-- (事务管理)transaction manager -->
    <bean id="transactionManager" class="org.springframework.jdbc.datasource.DataSourceTransactionManager">
        <property name="dataSource" ref="dataSource"/>
    </bean>

    <tx:advice id="txAdvice" transaction-manager="transactionManager">
        <!--事务属性-->
        <tx:attributes>
            <tx:method name="*" propagation="REQUIRED"/>
            <tx:method name="get*" propagation="SUPPORTS" read-only="true"></tx:method>
        </tx:attributes>
    </tx:advice>

    <aop:config>
        <aop:pointcut id="p" expression="execution(* com.jubilantz.mappers.*.*(..))"></aop:pointcut>
        <aop:advisor advice-ref="txAdvice" pointcut-ref="p"></aop:advisor>
    </aop:config>

</beans>