<?xml version="1.0" encoding="UTF-8"?>
<beans xmlns="http://www.springframework.org/schema/beans"
       xmlns:xsi="http://www.w3.org/2001/XMLSchema-instance"
       xmlns:context="http://www.springframework.org/schema/context" xmlns:tx="http://www.springframework.org/schema/tx"
       xmlns:aop="http://www.springframework.org/schema/aop"
       xsi:schemaLocation="http://www.springframework.org/schema/beans http://www.springframework.org/schema/beans/spring-beans.xsd
		http://www.springframework.org/schema/context http://www.springframework.org/schema/context/spring-context-4.1.xsd http://www.springframework.org/schema/tx http://www.springframework.org/schema/tx/spring-tx.xsd http://www.springframework.org/schema/aop http://www.springframework.org/schema/aop/spring-aop.xsd">

    <!--shiro的web过滤器-->
    <bean id="shiroFilter" class="org.apache.shiro.spring.web.ShiroFilterFactoryBean">
        <property name="securityManager" ref="securityManager"></property>
        <!--1.如果没有认证通过，跳转到该地址  2.登录表单提交也要提交到这个地址 post -->
        <property name="loginUrl" value="/easLogin/login"></property>
        <!--没有授权（输入地址跳转时如果没有该权限则跳转该页面）跳转的页面-->
        <property name="unauthorizedUrl" value="/refuse.jsp"></property>
        <!--成功的页面地址-->
        <property name="successUrl" value="/easLogin/success"></property>
        <property name="filters">
            <map>
                <entry key="authc" value-ref="formFilter"></entry>
            </map>
        </property>

        <!--shiro过滤器链配置-->
        <property name="filterChainDefinitions">
            <value>
                <!--注销过滤器-->
                /easUser/logout = logout
                <!--允许匿名访问的资源-->
                /layui/** = anon
                /images/** = anon
                /css/** = anon
                /js/** = anon
                /lib/** = anon

                <!-- 验证码，可匿名访问 -->
                /validatecode.jsp** = anon

                <!-- 注册页面 -->
                /easRegister/** = anon

                <!-- 公告页面 -->
                /main/** = anon


                <!--配置所有的资源必须认证通过后才可访问-->
                /** = authc
            </value>
        </property>
    </bean>
    <bean id="formFilter" class="com.jubilantz.utils.MyFormAuthenticationFilter"></bean>
    <!--安全管理器securityMananger-->
    <bean id="securityManager" class="org.apache.shiro.web.mgt.DefaultWebSecurityManager">
        <property name="realm" ref="customRealm"></property>

        <!--注入session管理器-->
        <property name="sessionManager" ref="sessionManager"></property>
    </bean>
    <!--自定义的Realm-->
    <bean id="customRealm" class="com.jubilantz.realms.CustomRealm">
        <property name="credentialsMatcher" ref="credentialMatcher"></property>
        <property name="easUserMapper" ref="easUserMapper"></property>
        <property name="easPermissionMapper" ref="easPermissionMapper"></property>
    </bean>
    <!--凭证匹配器-->
    <bean id="credentialMatcher" class="org.apache.shiro.authc.credential.HashedCredentialsMatcher">
        <property name="hashAlgorithmName" value="md5"></property>
        <property name="hashIterations" value="1"></property>
    </bean>


    <bean id="sessionManager" class="org.apache.shiro.web.session.mgt.DefaultWebSessionManager">
        <property name="globalSessionTimeout" value="14400000"/>
        <property name="deleteInvalidSessions" value="true"/>
    </bean>


</beans>
