<?xml version="1.0" encoding="UTF-8"?>
<beans xmlns="http://www.springframework.org/schema/beans"
	xmlns:xsi="http://www.w3.org/2001/XMLSchema-instance" xmlns:context="http://www.springframework.org/schema/context"
	xmlns:aop="http://www.springframework.org/schema/aop" xmlns:tx="http://www.springframework.org/schema/tx"
	xsi:schemaLocation="http://www.springframework.org/schema/beans 
	http://www.springframework.org/schema/beans/spring-beans.xsd
	http://www.springframework.org/schema/context
	http://www.springframework.org/schema/context/spring-context.xsd
	http://www.springframework.org/schema/tx 
	http://www.springframework.org/schema/tx/spring-tx.xsd">
	
	
	<!-- 配置自动扫描的包 -->
	<context:component-scan base-package="com.jiajiao.*">
		<!-- 扫描时跳过 @Controller 注解的JAVA类（控制器） -->
		<context:exclude-filter type="annotation"
			expression="org.springframework.stereotype.Controller" />
	</context:component-scan>
	
	<!-- 第二种方式通过context标签引入的 -->
	<context:property-placeholder location="classpath:jdbc.properties" />
	
	<!-- 配置C3P0连接池=============================== -->
	<bean id="dataSource" class="com.mchange.v2.c3p0.ComboPooledDataSource">
		<property name="driverClass" value="${jdbc.driverClass}" />
		<property name="jdbcUrl" value="${jdbc.url}" />
		<property name="user" value="${jdbc.username}" />
		<property name="password" value="${jdbc.password}" />

		<!-- 指定连接池中保留的最大连接数. Default:15-->
		<property name="maxPoolSize" value="${jdbc.maxPoolSize}"></property>

		<!-- 指定连接池中保留的最小连接数-->
		<property name="minPoolSize" value="${jdbc.minPoolSize}"></property>

		<!-- 指定连接池的初始化连接数  取值应在minPoolSize 与 maxPoolSize 之间.Default:3-->
		<property name="initialPoolSize" value="${jdbc.initialPoolSize}"></property>
		
		<!-- 最大空闲时间,60秒内未使用则连接被丢弃。若为0则永不丢弃。 Default:0-->
		<property name="maxIdleTime" value="${jdbc.maxIdleTime}"></property>

		<!-- 当连接池中的连接耗尽的时候c3p0一次同时获取的连接数. Default:3-->
		<property name="acquireIncrement" value="${jdbc.acquireIncrement}"></property>

		<!-- 每60秒检查所有连接池中的空闲连接.Default:0 -->
	<property name="idleConnectionTestPeriod" value="${jdbc.idleConnectionTestPeriod}"></property>

	</bean>
	
	<!-- 配置Spring的JDBC的模板========================= -->
	<bean id="jdbcTemplate" class="org.springframework.jdbc.core.JdbcTemplate">
		<property name="dataSource" ref="dataSource" />
	</bean>
	
	<!-- 配置事务管理器=============================== -->
	<bean id="transactionManager"
		class="org.springframework.jdbc.datasource.DataSourceTransactionManager">
		<property name="dataSource" ref="dataSource" />
	</bean>
	
	<!-- 开启注解事务================================ -->
	<tx:annotation-driven transaction-manager="transactionManager" />
</beans>