<?xml version="1.0" encoding="UTF-8"?>
<beans xmlns="http://www.springframework.org/schema/beans"
	xmlns:xsi="http://www.w3.org/2001/XMLSchema-instance" xmlns:p="http://www.springframework.org/schema/p"
	xmlns:context="http://www.springframework.org/schema/context"
	xmlns:mvc="http://www.springframework.org/schema/mvc"
	xsi:schemaLocation="http://www.springframework.org/schema/beans http://www.springframework.org/schema/beans/spring-beans-4.2.xsd
        http://www.springframework.org/schema/mvc http://www.springframework.org/schema/mvc/spring-mvc-4.2.xsd
        http://www.springframework.org/schema/context http://www.springframework.org/schema/context/spring-context-4.2.xsd">
	<context:component-scan base-package="com.jiajiao.controller"></context:component-scan>

<!--  注解驱动 目的：加载新版本的处理器映射器、处理器适配器-->
	<mvc:annotation-driven />
	
	<mvc:default-servlet-handler/>
 
<!--  配置视图解析器的前缀和后缀 -->
	<bean
		class="org.springframework.web.servlet.view.InternalResourceViewResolver">
		<property name="prefix" value="/WEB-INF/jsp/"></property>
		<property name="suffix" value=".jsp"></property>
	</bean>
	
	
	<!-- SpringMVC上传文件时，需要配置MultipartResolver处理器 -->
    <bean id="multipartResolver"
        class="org.springframework.web.multipart.commons.CommonsMultipartResolver">
        <property name="defaultEncoding" value="UTF-8" />
        <!-- 指定所上传文件的总大小,单位字节。注意maxUploadSize属性的限制不是针对单个文件，而是所有文件的容量之和 -->
        <property name="maxUploadSize" value="10240000" />
    </bean>
</beans>