<?xml version="1.0" encoding="UTF-8"?>
<!DOCTYPE mapper PUBLIC "-//mybatis.org//DTD Mapper 3.0//EN" "http://mybatis.org/dtd/mybatis-3-mapper.dtd">
<mapper namespace="com.yx.dao.NoticeMapper">
  <resultMap id="BaseResultMap" type="com.yx.po.Notice">
    <!--
      WARNING - @mbggenerated
      This element is automatically generated by MyBatis Generator, do not modify.
      This element was generated on Tue Mar 30 16:30:04 CST 2021.
    -->
    <id column="id" jdbcType="INTEGER" property="id" />
    <result column="topic" jdbcType="VARCHAR" property="topic" />
    <result column="content" jdbcType="VARCHAR" property="content" />
    <result column="author" jdbcType="VARCHAR" property="author" />
    <result column="createDate" jdbcType="TIMESTAMP" property="createDate" />
  </resultMap>
  <sql id="Base_Column_List">
    <!--
      WARNING - @mbggenerated
      This element is automatically generated by MyBatis Generator, do not modify.
      This element was generated on Tue Mar 30 16:30:04 CST 2021.
    -->
    id, topic, content, author, createDate
  </sql>
  <select id="selectByPrimaryKey" parameterType="java.lang.Integer" resultMap="BaseResultMap">
    <!--
      WARNING - @mbggenerated
      This element is automatically generated by MyBatis Generator, do not modify.
      This element was generated on Tue Mar 30 16:30:04 CST 2021.
    -->
    select 
    <include refid="Base_Column_List" />
    from notice
    where id = #{id,jdbcType=INTEGER}
  </select>
  <delete id="deleteByPrimaryKey" parameterType="java.lang.Integer">
    <!--
      WARNING - @mbggenerated
      This element is automatically generated by MyBatis Generator, do not modify.
      This element was generated on Tue Mar 30 16:30:04 CST 2021.
    -->
    delete from notice
    where id = #{id,jdbcType=INTEGER}
  </delete>
  <insert id="insert" parameterType="com.yx.po.Notice">
    <!--
      WARNING - @mbggenerated
      This element is automatically generated by MyBatis Generator, do not modify.
      This element was generated on Tue Mar 30 16:30:04 CST 2021.
    -->
    insert into notice (id, topic, content, 
      author, createDate)
    values (#{id,jdbcType=INTEGER}, #{topic,jdbcType=VARCHAR}, #{content,jdbcType=VARCHAR}, 
      #{author,jdbcType=VARCHAR}, #{createDate,jdbcType=TIMESTAMP})
  </insert>
  <insert id="insertSelective" parameterType="com.yx.po.Notice">
    <!--
      WARNING - @mbggenerated
      This element is automatically generated by MyBatis Generator, do not modify.
      This element was generated on Tue Mar 30 16:30:04 CST 2021.
    -->
    insert into notice
    <trim prefix="(" suffix=")" suffixOverrides=",">
      <if test="id != null">
        id,
      </if>
      <if test="topic != null">
        topic,
      </if>
      <if test="content != null">
        content,
      </if>
      <if test="author != null">
        author,
      </if>
      <if test="createDate != null">
        createDate,
      </if>
    </trim>
    <trim prefix="values (" suffix=")" suffixOverrides=",">
      <if test="id != null">
        #{id,jdbcType=INTEGER},
      </if>
      <if test="topic != null">
        #{topic,jdbcType=VARCHAR},
      </if>
      <if test="content != null">
        #{content,jdbcType=VARCHAR},
      </if>
      <if test="author != null">
        #{author,jdbcType=VARCHAR},
      </if>
      <if test="createDate != null">
        #{createDate,jdbcType=TIMESTAMP},
      </if>
    </trim>
  </insert>
  <update id="updateByPrimaryKeySelective" parameterType="com.yx.po.Notice">
    <!--
      WARNING - @mbggenerated
      This element is automatically generated by MyBatis Generator, do not modify.
      This element was generated on Tue Mar 30 16:30:04 CST 2021.
    -->
    update notice
    <set>
      <if test="topic != null">
        topic = #{topic,jdbcType=VARCHAR},
      </if>
      <if test="content != null">
        content = #{content,jdbcType=VARCHAR},
      </if>
      <if test="author != null">
        author = #{author,jdbcType=VARCHAR},
      </if>
      <if test="createDate != null">
        createDate = #{createDate,jdbcType=TIMESTAMP},
      </if>
    </set>
    where id = #{id,jdbcType=INTEGER}
  </update>
  <update id="updateByPrimaryKey" parameterType="com.yx.po.Notice">
    <!--
      WARNING - @mbggenerated
      This element is automatically generated by MyBatis Generator, do not modify.
      This element was generated on Tue Mar 30 16:30:04 CST 2021.
    -->
    update notice
    set topic = #{topic,jdbcType=VARCHAR},
      content = #{content,jdbcType=VARCHAR},
      author = #{author,jdbcType=VARCHAR},
      createDate = #{createDate,jdbcType=TIMESTAMP}
    where id = #{id,jdbcType=INTEGER}
  </update>

  <select id="queryNoticeAll" parameterType="com.yx.po.Notice" resultType="com.yx.po.Notice">
    select * from notice
    <where>
      <if test="topic!=null and topic!=''">
            and topic like '%${topic}%'
      </if>
    </where>
    order by createDate desc
  </select>

</mapper>