<?xml version="1.0" encoding="UTF-8"?>
<!DOCTYPE mapper PUBLIC "-//mybatis.org//DTD Mapper 3.0//EN" "http://mybatis.org/dtd/mybatis-3-mapper.dtd">
<mapper namespace="com.yx.dao.ReaderInfoMapper">
  <resultMap id="BaseResultMap" type="com.yx.po.ReaderInfo">
    <!--
      WARNING - @mbggenerated
      This element is automatically generated by MyBatis Generator, do not modify.
      This element was generated on Tue Mar 30 16:30:04 CST 2021.
    -->
    <id column="id" jdbcType="INTEGER" property="id" />
    <result column="username" jdbcType="VARCHAR" property="username" />
    <result column="password" jdbcType="VARCHAR" property="password" />
    <result column="realName" jdbcType="VARCHAR" property="realName" />
    <result column="sex" jdbcType="VARCHAR" property="sex" />
    <result column="birthday" jdbcType="DATE" property="birthday" />
    <result column="address" jdbcType="VARCHAR" property="address" />
    <result column="tel" jdbcType="VARCHAR" property="tel" />
    <result column="email" jdbcType="VARCHAR" property="email" />
    <result column="registerDate" jdbcType="TIMESTAMP" property="registerDate" />
    <result column="readerNumber" jdbcType="VARCHAR" property="readerNumber" />
  </resultMap>
  <sql id="Base_Column_List">
    <!--
      WARNING - @mbggenerated
      This element is automatically generated by MyBatis Generator, do not modify.
      This element was generated on Tue Mar 30 16:30:04 CST 2021.
    -->
    id, username, password, realName, sex, birthday, address, tel, email, registerDate,
    readerNumber
  </sql>
  <select id="selectByPrimaryKey" parameterType="java.lang.Integer" resultMap="BaseResultMap">
    <!--
      WARNING - @mbggenerated
      This element is automatically generated by MyBatis Generator, do not modify.
      This element was generated on Tue Mar 30 16:30:04 CST 2021.
    -->
    select 
    <include refid="Base_Column_List" />
    from reader_info
    where id = #{id,jdbcType=INTEGER}
  </select>
  <delete id="deleteByPrimaryKey" parameterType="java.lang.Integer">
    <!--
      WARNING - @mbggenerated
      This element is automatically generated by MyBatis Generator, do not modify.
      This element was generated on Tue Mar 30 16:30:04 CST 2021.
    -->
    delete from reader_info
    where id = #{id,jdbcType=INTEGER}
  </delete>
  <insert id="insert" parameterType="com.yx.po.ReaderInfo">
    <!--
      WARNING - @mbggenerated
      This element is automatically generated by MyBatis Generator, do not modify.
      This element was generated on Tue Mar 30 16:30:04 CST 2021.
    -->
    insert into reader_info (id, username, password, realName, sex,
      birthday, address, tel, 
      email, registerDate, readerNumber
      )
    values (#{id,jdbcType=INTEGER}, #{username,jdbcType=VARCHAR}, #{password,jdbcType=VARCHAR}, 
      #{realName,jdbcType=VARCHAR}, #{sex,jdbcType=VARCHAR},
      #{birthday,jdbcType=DATE}, #{address,jdbcType=VARCHAR}, #{tel,jdbcType=VARCHAR}, 
      #{email,jdbcType=VARCHAR}, #{registerDate,jdbcType=TIMESTAMP}, #{readerNumber,jdbcType=VARCHAR}
      )
  </insert>
  <insert id="insertSelective" parameterType="com.yx.po.ReaderInfo">
    <!--
      WARNING - @mbggenerated
      This element is automatically generated by MyBatis Generator, do not modify.
      This element was generated on Tue Mar 30 16:30:04 CST 2021.
    -->
    insert into reader_info
    <trim prefix="(" suffix=")" suffixOverrides=",">
      <if test="id != null">
        id,
      </if>
      <if test="username != null">
        username,
      </if>
      <if test="password != null">
        password,
      </if>
      <if test="realName != null">
        realName,
      </if>
      <if test="sex != null">
        sex,
      </if>
      <if test="birthday != null">
        birthday,
      </if>
      <if test="address != null">
        address,
      </if>
      <if test="tel != null">
        tel,
      </if>
      <if test="email != null">
        email,
      </if>
      <if test="registerDate != null">
        registerDate,
      </if>
      <if test="readerNumber != null">
        readerNumber,
      </if>
    </trim>
    <trim prefix="values (" suffix=")" suffixOverrides=",">
      <if test="id != null">
        #{id,jdbcType=INTEGER},
      </if>
      <if test="username != null">
        #{username,jdbcType=VARCHAR},
      </if>
      <if test="password != null">
        #{password,jdbcType=VARCHAR},
      </if>
      <if test="realName != null">
        #{realName,jdbcType=VARCHAR},
      </if>
      <if test="sex != null">
        #{sex,jdbcType=VARCHAR},
      </if>
      <if test="birthday != null">
        #{birthday,jdbcType=DATE},
      </if>
      <if test="address != null">
        #{address,jdbcType=VARCHAR},
      </if>
      <if test="tel != null">
        #{tel,jdbcType=VARCHAR},
      </if>
      <if test="email != null">
        #{email,jdbcType=VARCHAR},
      </if>
      <if test="registerDate != null">
        #{registerDate,jdbcType=TIMESTAMP},
      </if>
      <if test="readerNumber != null">
        #{readerNumber,jdbcType=VARCHAR},
      </if>
    </trim>
  </insert>
  <update id="updateByPrimaryKeySelective" parameterType="com.yx.po.ReaderInfo">
    <!--
      WARNING - @mbggenerated
      This element is automatically generated by MyBatis Generator, do not modify.
      This element was generated on Tue Mar 30 16:30:04 CST 2021.
    -->
    update reader_info
    <set>
      <if test="username != null">
        username = #{username,jdbcType=VARCHAR},
      </if>
      <if test="password != null">
        password = #{password,jdbcType=VARCHAR},
      </if>
      <if test="realName != null">
        realName = #{realName,jdbcType=VARCHAR},
      </if>
      <if test="sex != null">
        sex = #{sex,jdbcType=VARCHAR},
      </if>
      <if test="birthday != null">
        birthday = #{birthday,jdbcType=DATE},
      </if>
      <if test="address != null">
        address = #{address,jdbcType=VARCHAR},
      </if>
      <if test="tel != null">
        tel = #{tel,jdbcType=VARCHAR},
      </if>
      <if test="email != null">
        email = #{email,jdbcType=VARCHAR},
      </if>
      <if test="registerDate != null">
        registerDate = #{registerDate,jdbcType=TIMESTAMP},
      </if>
      <if test="readerNumber != null">
        readerNumber = #{readerNumber,jdbcType=VARCHAR},
      </if>
    </set>
    where id = #{id,jdbcType=INTEGER}
  </update>
  <update id="updateByPrimaryKey" parameterType="com.yx.po.ReaderInfo">
    <!--
      WARNING - @mbggenerated
      This element is automatically generated by MyBatis Generator, do not modify.
      This element was generated on Tue Mar 30 16:30:04 CST 2021.
    -->
    update reader_info
    set username = #{username,jdbcType=VARCHAR},
      password = #{password,jdbcType=VARCHAR},
      realName = #{realName,jdbcType=VARCHAR},
      sex = #{sex,jdbcType=VARCHAR},
      birthday = #{birthday,jdbcType=DATE},
      address = #{address,jdbcType=VARCHAR},
      tel = #{tel,jdbcType=VARCHAR},
      email = #{email,jdbcType=VARCHAR},
      registerDate = #{registerDate,jdbcType=TIMESTAMP},
      readerNumber = #{readerNumber,jdbcType=VARCHAR}
    where id = #{id,jdbcType=INTEGER}
  </update>

  <select id="queryAllReaderInfo" resultType="com.yx.po.ReaderInfo" parameterType="com.yx.po.ReaderInfo">
        select * from reader_info
        <where>
          <!--读者图书卡号-->
          <if test="readerNumber!=null">
            and readerNumber like '%${readerNumber}%'
          </if>
          <!--用户名-->
          <if test="username!=null">
            and username like '%${username}%'
          </if>
          <!--电话号-->
          <if test="tel!=null">
            and tel like '%${tel}%'
          </if>
        </where>

  </select>
  <select id="queryUserInfoByNameAndPassword" resultType="com.yx.po.ReaderInfo">
    select * from reader_info where username=#{username} and password=#{password}
  </select>
</mapper>